id,winner_model_a,winner_model_b,winner_tie
136060,0.3392802272798852,0.3440355446305627,0.3166842280895521
211333,0.4401229379265313,0.24939988483500675,0.310477177238462
1233961,0.29932592100064065,0.3876843647590596,0.31298971424029987
