id,winner_model_a,winner_model_b,winner_tie
136060,0.3396072080863326,0.3431424565009869,0.3172503354126806
211333,0.44693821424354413,0.24281817152057097,0.31024361423588487
1233961,0.28666456512920824,0.4094141639287789,0.3039212709420129
